00001,123456,/home/xuzhida/PycharmProjects/send/26.jpg
00001,123456,/home/xuzhida/PycharmProjects/send/LotteryOdds.java
00001,123456,/home/xuzhida/PycharmProjects/send/download.py
10002,123456,/home/xuzhida/PycharmProjects/send/BigIntegerTest.java
00002,123456,/home/xuzhida/PycharmProjects/send/30.jpg
00002,123456,/home/xuzhida/PycharmProjects/send/100.jpg
00004,123456,/home/xuzhida/PycharmProjects/send/23.jpg
00003,123456,/home/xuzhida/PycharmProjects/send/value.h
00002,123456,/home/xuzhida/PycharmProjects/send/ft_tox.ini
10002,123456,/home/xuzhida/PycharmProjects/send/38.jpg
10001,123456,/home/xuzhida/PycharmProjects/send/object_progress.py
00001,123456,/home/xuzhida/PycharmProjects/send/forwards.h
00001,123456,/home/xuzhida/PycharmProjects/send/14.jpg
00003,123456,/home/xuzhida/PycharmProjects/send/70.jpg
00003,123456,/home/xuzhida/PycharmProjects/send/object_post.py
00005,123456,/home/xuzhida/PycharmProjects/send/object_server_crypto.py
10003,123456,/home/xuzhida/PycharmProjects/send/5.jpg
00003,123456,/home/xuzhida/PycharmProjects/send/29.jpg
00003,123456,/home/xuzhida/PycharmProjects/send/allocator.h
00005,123456,/home/xuzhida/PycharmProjects/send/32.jpg
00003,123456,/home/xuzhida/PycharmProjects/send/90.jpg
10003,123456,/home/xuzhida/PycharmProjects/send/31.jpg
00003,123456,/home/xuzhida/PycharmProjects/send/ArrayExample.java
10003,123456,/home/xuzhida/PycharmProjects/send/37.jpg
00003,123456,/home/xuzhida/PycharmProjects/send/92.jpg
10002,123456,/home/xuzhida/PycharmProjects/send/76.jpg
00004,123456,/home/xuzhida/PycharmProjects/send/103.jpg
00005,123456,/home/xuzhida/PycharmProjects/send/16.jpg
00002,123456,/home/xuzhida/PycharmProjects/send/sign_v2.py
10001,123456,/home/xuzhida/PycharmProjects/send/34.jpg
00001,123456,/home/xuzhida/PycharmProjects/send/71.jpg
10001,123456,/home/xuzhida/PycharmProjects/send/README.rst
00004,123456,/home/xuzhida/PycharmProjects/send/46.jpg
00004,123456,/home/xuzhida/PycharmProjects/send/13.jpg
00005,123456,/home/xuzhida/PycharmProjects/send/77.jpg
10001,123456,/home/xuzhida/PycharmProjects/send/60.jpg
10003,123456,/home/xuzhida/PycharmProjects/send/10.jpg
00003,123456,/home/xuzhida/PycharmProjects/send/18.jpg
00001,123456,/home/xuzhida/PycharmProjects/send/21.jpg
00002,123456,/home/xuzhida/PycharmProjects/send/setup.py
10001,123456,/home/xuzhida/PycharmProjects/send/73.jpg
10001,123456,/home/xuzhida/PycharmProjects/send/78.jpg
00005,123456,/home/xuzhida/PycharmProjects/send/27.jpg
10001,123456,/home/xuzhida/PycharmProjects/send/56.jpg
00003,123456,/home/xuzhida/PycharmProjects/send/106.jpg
00002,123456,/home/xuzhida/PycharmProjects/send/example.jpg
00003,123456,/home/xuzhida/PycharmProjects/send/88.jpg
00001,123456,/home/xuzhida/PycharmProjects/send/image.py
00002,123456,/home/xuzhida/PycharmProjects/send/93.jpg
10001,123456,/home/xuzhida/PycharmProjects/send/80.jpg
10001,123456,/home/xuzhida/PycharmProjects/send/48.jpg
00004,123456,/home/xuzhida/PycharmProjects/send/object_crypto.py
00003,123456,/home/xuzhida/PycharmProjects/send/101.jpg
10003,123456,/home/xuzhida/PycharmProjects/send/39.jpg
10002,123456,/home/xuzhida/PycharmProjects/send/1.jpg
00004,123456,/home/xuzhida/PycharmProjects/send/MapTest.java
00005,123456,/home/xuzhida/PycharmProjects/send/Seive.java
10002,123456,/home/xuzhida/PycharmProjects/send/102.jpg
00003,123456,/home/xuzhida/PycharmProjects/send/PriorityQueueTest.java
00001,123456,/home/xuzhida/PycharmProjects/send/67.jpg
10001,123456,/home/xuzhida/PycharmProjects/send/object_extra.py
10001,123456,/home/xuzhida/PycharmProjects/send/81.jpg
10003,123456,/home/xuzhida/PycharmProjects/send/69.jpg
00003,123456,/home/xuzhida/PycharmProjects/send/85.jpg
10001,123456,/home/xuzhida/PycharmProjects/send/察看结果树.jmx
00003,123456,/home/xuzhida/PycharmProjects/send/25.jpg
00001,123456,/home/xuzhida/PycharmProjects/send/20.jpg
10001,123456,/home/xuzhida/PycharmProjects/send/84.jpg
00001,123456,/home/xuzhida/PycharmProjects/send/upload.py
00001,123456,/home/xuzhida/PycharmProjects/send/45.jpg
00002,123456,/home/xuzhida/PycharmProjects/send/91.jpg
00002,123456,/home/xuzhida/PycharmProjects/send/58.jpg
00004,123456,/home/xuzhida/PycharmProjects/send/42.jpg
00002,123456,/home/xuzhida/PycharmProjects/send/19.jpg
10003,123456,/home/xuzhida/PycharmProjects/send/40.jpg
00001,123456,/home/xuzhida/PycharmProjects/send/52.jpg
00005,123456,/home/xuzhida/PycharmProjects/send/72.jpg
10001,123456,/home/xuzhida/PycharmProjects/send/63.jpg
00003,123456,/home/xuzhida/PycharmProjects/send/writer.h
10002,123456,/home/xuzhida/PycharmProjects/send/7.jpg
10001,123456,/home/xuzhida/PycharmProjects/send/4.jpg
00002,123456,/home/xuzhida/PycharmProjects/send/sts.py
00004,123456,/home/xuzhida/PycharmProjects/send/64.jpg
00003,123456,/home/xuzhida/PycharmProjects/send/82.jpg
00005,123456,/home/xuzhida/PycharmProjects/send/109.jpg
00005,123456,/home/xuzhida/PycharmProjects/send/57.jpg
10003,123456,/home/xuzhida/PycharmProjects/send/SetTest.java
00005,123456,/home/xuzhida/PycharmProjects/send/96.jpg
10003,123456,/home/xuzhida/PycharmProjects/send/105.jpg
10003,123456,/home/xuzhida/PycharmProjects/send/68.jpg
00003,123456,/home/xuzhida/PycharmProjects/send/86.jpg
10003,123456,/home/xuzhida/PycharmProjects/send/33.jpg
00003,123456,/home/xuzhida/PycharmProjects/send/live_channel.py
00003,123456,/home/xuzhida/PycharmProjects/send/3.jpg
10003,123456,/home/xuzhida/PycharmProjects/send/22.jpg
00004,123456,/home/xuzhida/PycharmProjects/send/79.jpg
00001,123456,/home/xuzhida/PycharmProjects/send/bucket.py
00005,123456,/home/xuzhida/PycharmProjects/send/59.jpg
00004,123456,/home/xuzhida/PycharmProjects/send/features.h
00004,123456,/home/xuzhida/PycharmProjects/send/CHANGELOG.rst
10003,123456,/home/xuzhida/PycharmProjects/send/version.h
00004,123456,/home/xuzhida/PycharmProjects/send/54.jpg
10003,123456,/home/xuzhida/PycharmProjects/send/autolink.h
00005,123456,/home/xuzhida/PycharmProjects/send/28.jpg
00003,123456,/home/xuzhida/PycharmProjects/send/98.jpg
10001,123456,/home/xuzhida/PycharmProjects/send/55.jpg
00002,123456,/home/xuzhida/PycharmProjects/send/ShuffleTest.java
00002,123456,/home/xuzhida/PycharmProjects/send/reader.h
00003,123456,/home/xuzhida/PycharmProjects/send/41.jpg
00004,123456,/home/xuzhida/PycharmProjects/send/assertions.h
00001,123456,/home/xuzhida/PycharmProjects/send/35.jpg
10001,123456,/home/xuzhida/PycharmProjects/send/TreeSetTest.java
10002,123456,/home/xuzhida/PycharmProjects/send/8.jpg
00001,123456,/home/xuzhida/PycharmProjects/send/24.jpg
00002,123456,/home/xuzhida/PycharmProjects/send/11.jpg
00004,123456,/home/xuzhida/PycharmProjects/send/object_callback.py
00002,123456,/home/xuzhida/PycharmProjects/send/108.jpg
10002,123456,/home/xuzhida/PycharmProjects/send/50.jpg
00004,123456,/home/xuzhida/PycharmProjects/send/53.jpg
10002,123456,/home/xuzhida/PycharmProjects/send/0.jpg
00001,123456,/home/xuzhida/PycharmProjects/send/Basic.java
00003,123456,/home/xuzhida/PycharmProjects/send/83.jpg
10002,123456,/home/xuzhida/PycharmProjects/send/94.jpg
00004,123456,/home/xuzhida/PycharmProjects/send/66.jpg
00004,123456,/home/xuzhida/PycharmProjects/send/17.jpg
00001,123456,/home/xuzhida/PycharmProjects/send/51.jpg
00002,123456,/home/xuzhida/PycharmProjects/send/95.jpg
10001,123456,/home/xuzhida/PycharmProjects/send/python_select.csv
00001,123456,/home/xuzhida/PycharmProjects/send/2.jpg
10003,123456,/home/xuzhida/PycharmProjects/send/LinkListTest.java
00002,123456,/home/xuzhida/PycharmProjects/send/15.jpg
00003,123456,/home/xuzhida/PycharmProjects/send/47.jpg
00003,123456,/home/xuzhida/PycharmProjects/send/43.jpg
10002,123456,/home/xuzhida/PycharmProjects/send/104.jpg
00002,123456,/home/xuzhida/PycharmProjects/send/74.jpg
10003,123456,/home/xuzhida/PycharmProjects/send/12.jpg
10002,123456,/home/xuzhida/PycharmProjects/send/9.jpg
10002,123456,/home/xuzhida/PycharmProjects/send/36.jpg
00001,123456,/home/xuzhida/PycharmProjects/send/Item.java
10001,123456,/home/xuzhida/PycharmProjects/send/62.jpg
00003,123456,/home/xuzhida/PycharmProjects/send/select_csv.py
00003,123456,/home/xuzhida/PycharmProjects/send/MANIFEST.in
00001,123456,/home/xuzhida/PycharmProjects/send/custom_crypto.py
10003,123456,/home/xuzhida/PycharmProjects/send/6.jpg
00002,123456,/home/xuzhida/PycharmProjects/send/87.jpg
00003,123456,/home/xuzhida/PycharmProjects/send/107.jpg
00003,123456,/home/xuzhida/PycharmProjects/send/61.jpg
00002,123456,/home/xuzhida/PycharmProjects/send/tox.ini
10001,123456,/home/xuzhida/PycharmProjects/send/44.jpg
00004,123456,/home/xuzhida/PycharmProjects/send/49.jpg
10001,123456,/home/xuzhida/PycharmProjects/send/75.jpg
10002,123456,/home/xuzhida/PycharmProjects/send/99.jpg
10002,123456,/home/xuzhida/PycharmProjects/send/object_check.py
00002,123456,/home/xuzhida/PycharmProjects/send/97.jpg
00005,123456,/home/xuzhida/PycharmProjects/send/README-CN.rst
10001,123456,/home/xuzhida/PycharmProjects/send/config.h
10003,123456,/home/xuzhida/PycharmProjects/send/89.jpg
00001,123456,/home/xuzhida/PycharmProjects/send/json.h
10003,123456,/home/xuzhida/PycharmProjects/send/object_basic.py
00005,123456,/home/xuzhida/PycharmProjects/send/65.jpg